<?xml version="1.0" encoding="utf-8"?>
<rss version="2.0" xmlns:dc="http://purl.org/dc/elements/1.1/" xmlns:content="http://purl.org/rss/1.0/modules/content/">
    <channel>
        <title>Victoria Jordan</title>
        <link>undefined</link>
        <description>Your blog description</description>
        <lastBuildDate>Thu, 31 Jul 2025 02:09:44 GMT</lastBuildDate>
        <docs>https://validator.w3.org/feed/docs/rss2.html</docs>
        <generator>https://github.com/jpmonette/feed</generator>
        <image>
            <title>Victoria Jordan</title>
            <url>undefined/favicon.ico</url>
            <link>undefined</link>
        </image>
        <copyright>All rights reserved 2025</copyright>
        <item>
            <title><![CDATA[Crafting a design system for a multiplanetary future]]></title>
            <link>undefined/articles/crafting-a-design-system-for-a-multiplanetary-future</link>
            <guid>undefined/articles/crafting-a-design-system-for-a-multiplanetary-future</guid>
            <pubDate>Mon, 05 Sep 2022 00:00:00 GMT</pubDate>
            <description><![CDATA[Most companies try to stay ahead of the curve when it comes to visual design, but for Planetaria we needed to create a brand that would still inspire us 100 years from now when humanity has spread across our entire solar system.]]></description>
            <content:encoded><![CDATA[<p>Most companies try to stay ahead of the curve when it comes to visual design, but for Planetaria we needed to create a brand that would still inspire us 100 years from now when humanity has spread across our entire solar system.</p>
<img alt="" srcSet="/_next/image?url=%2F_next%2Fstatic%2Fmedia%2Fplanetaria-design-system.d4cfce90.png&amp;w=1920&amp;q=75 1x, /_next/image?url=%2F_next%2Fstatic%2Fmedia%2Fplanetaria-design-system.d4cfce90.png&amp;w=3840&amp;q=75 2x" src="/_next/image?url=%2F_next%2Fstatic%2Fmedia%2Fplanetaria-design-system.d4cfce90.png&amp;w=3840&amp;q=75" width="1310" height="872" decoding="async" data-nimg="future" loading="lazy" style="color:transparent"/>
<p>I knew that to get it right I was going to have to replicate the viewing conditions of someone from the future, so I grabbed my space helmet from the closet, created a new Figma document, and got to work.</p>
<h2>Sermone fata</h2>
<p>Lorem markdownum, bracchia in redibam! Terque unda puppi nec, linguae posterior
in utraque respicere candidus Mimasque formae; quae conantem cervice. Parcite
variatus, redolentia adeunt. Tyrioque dies, naufraga sua adit partibus celanda
torquere temptata, erit maneat et ramos, <a href="#">iam</a> ait dominari
potitus! Tibi litora matremque fumantia condi radicibus opusque.</p>
<p>Deus feram verumque, fecit, ira tamen, terras per alienae victum. Mutantur
levitate quas ubi arcum ripas oculos abest. Adest <a href="#">commissaque
victae</a> in gemitus nectareis ire diva
dotibus ora, et findi huic invenit; fatis? Fractaque dare superinposita
nimiumque simulatoremque sanguine, at voce aestibus diu! Quid veterum hausit tu
nil utinam paternos ima, commentaque.</p>
<pre class="language-c"><code class="language-c">exbibyte_wins <span class="token operator">=</span> <span class="token function">gigahertz</span><span class="token punctuation">(</span><span class="token number">3</span><span class="token punctuation">)</span><span class="token punctuation">;</span>
grayscaleUtilityClient <span class="token operator">=</span> control_uat<span class="token punctuation">;</span>
pcmciaHibernate <span class="token operator">=</span> <span class="token function">oop_virus_console</span><span class="token punctuation">(</span>text_mountain<span class="token punctuation">)</span><span class="token punctuation">;</span>
<span class="token keyword">if</span> <span class="token punctuation">(</span>stateWaisFirewire <span class="token operator">&gt;=</span> <span class="token operator">-</span><span class="token number">2</span><span class="token punctuation">)</span> <span class="token punctuation">{</span>
    jfs <span class="token operator">=</span> <span class="token number">647065</span> <span class="token operator">/</span> <span class="token function">ldapVrml</span><span class="token punctuation">(</span>tutorialRestore<span class="token punctuation">,</span> <span class="token number">85</span><span class="token punctuation">)</span><span class="token punctuation">;</span>
    metal_runtime_parse <span class="token operator">=</span> roomComputingResolution <span class="token operator">-</span> toolbarUpload <span class="token operator">+</span>
            ipx_nvram_open<span class="token punctuation">;</span>
<span class="token punctuation">}</span> <span class="token keyword">else</span> <span class="token punctuation">{</span>
    maximizeSidebar <span class="token operator">*=</span> <span class="token function">suffix_url</span><span class="token punctuation">(</span>flatbed <span class="token operator">+</span> <span class="token number">2</span><span class="token punctuation">,</span> requirements_encoding_node <span class="token operator">+</span>
            only_qbe_media<span class="token punctuation">,</span> minicomputer<span class="token punctuation">)</span><span class="token punctuation">;</span>
<span class="token punctuation">}</span>
</code></pre>
<p>Aere repetiti cognataque natus. Habebat vela solutis saepe munus nondum adhuc
oscula nomina pignora corpus deserat.</p>
<h2>Lethaei Pindumve me quae dinumerat Pavor</h2>
<p>Idem se saxa fata pollentibus geminos; quos pedibus. Est urnis Herses omnes nec
divite: et ille illa furit sim verbis Cyllenius.</p>
<ol>
<li>Captus inpleverunt collo</li>
<li>Nec nam placebant</li>
<li>Siquos vulgus</li>
<li>Dictis carissime fugae</li>
<li>A tacitos nulla viginti</li>
</ol>
<p>Ungues fistula annoso, ille addit linoque motatque uberior verso
<a href="#">rubuerunt</a> confine desuetaque. <em>Sanguine</em> anteit
emerguntque expugnacior est pennas iniqui ecce <strong>haeret</strong> genus: peiora imagine
fossas Cephisos formosa! Refugitque amata <a href="#">refelli</a>
supplex. Summa brevis vetuere tenebas, hostes vetantis, suppressit, arreptum
regna. Postquam conpescit iuvenis habet corpus, et erratica, perdere, tot mota
ars talis.</p>
<pre class="language-c"><code class="language-c">digital<span class="token punctuation">.</span>webcam_dual_frequency <span class="token operator">=</span> webmasterMms<span class="token punctuation">;</span>
<span class="token keyword">if</span> <span class="token punctuation">(</span><span class="token number">5</span> <span class="token operator">+</span> language_standalone_google<span class="token punctuation">)</span> <span class="token punctuation">{</span>
    cc_inbox_layout <span class="token operator">*=</span> file_character<span class="token punctuation">;</span>
    task <span class="token operator">+=</span> p<span class="token punctuation">;</span>
    lockUnicode <span class="token operator">+=</span> <span class="token function">enterprise_monochrome</span><span class="token punctuation">(</span>tokenFunctionPersonal<span class="token punctuation">,</span> keyVirtual<span class="token punctuation">,</span>
            adf<span class="token punctuation">)</span><span class="token punctuation">;</span>
<span class="token punctuation">}</span>
<span class="token function">windows_binary_esports</span><span class="token punctuation">(</span><span class="token number">87734</span><span class="token punctuation">,</span> <span class="token function">array</span><span class="token punctuation">(</span>restoreRomTopology<span class="token punctuation">,</span> <span class="token function">adRaw</span><span class="token punctuation">(</span><span class="token number">407314</span><span class="token punctuation">)</span><span class="token punctuation">,</span>
        dongleBashThumbnail<span class="token punctuation">)</span><span class="token punctuation">,</span> interpreter<span class="token punctuation">)</span><span class="token punctuation">;</span>
</code></pre>
<p>Sit volat naturam; motu Cancri. Erat pro simul quae valuit quoque timorem quam
proelia: illo patrio <em>esse summus</em>, enim sua serpentibus, Hyleusque. Est coniuge
recuso; refert Coroniden ignotos manat, adfectu.</p>]]></content:encoded>
            <author>vjordan.cs@gmail.com (Victoria Jordan)</author>
        </item>
        <item>
            <title><![CDATA[Introducing Animaginary: High performance web animations]]></title>
            <link>undefined/articles/introducing-animaginary</link>
            <guid>undefined/articles/introducing-animaginary</guid>
            <pubDate>Fri, 02 Sep 2022 00:00:00 GMT</pubDate>
            <description><![CDATA[When you’re building a website for a company as ambitious as Planetaria, you need to make an impression. I wanted people to visit our website and see animations that looked more realistic than reality itself.]]></description>
            <content:encoded><![CDATA[<p>When you’re building a website for a company as ambitious as Planetaria, you need to make an impression. I wanted people to visit our website and see animations that looked more realistic than reality itself.</p>
<p>To make this possible, we needed to squeeze every drop of performance out of the browser possible. And so Animaginary was born.</p>
<pre class="language-js"><code class="language-js"><span class="token keyword module">import</span> <span class="token imports"><span class="token punctuation">{</span> animate <span class="token punctuation">}</span></span> <span class="token keyword module">from</span> <span class="token string">&#x27;@planetaria/animaginary&#x27;</span>

<span class="token keyword module">export</span> <span class="token keyword">function</span> <span class="token function"><span class="token maybe-class-name">MyComponent</span></span><span class="token punctuation">(</span><span class="token parameter"><span class="token punctuation">{</span> open<span class="token punctuation">,</span> children <span class="token punctuation">}</span></span><span class="token punctuation">)</span> <span class="token punctuation">{</span>
  <span class="token keyword control-flow">return</span> <span class="token punctuation">(</span>
    <span class="token operator">&lt;</span>animate<span class="token punctuation">.</span><span class="token property-access">div</span>
      <span class="token keyword">in</span><span class="token operator">=</span><span class="token punctuation">{</span>open<span class="token punctuation">}</span>
      animateFrom<span class="token operator">=</span><span class="token string">&quot;opacity-0 scale-95&quot;</span>
      animateTo<span class="token operator">=</span><span class="token string">&quot;opacity-100 scale-100&quot;</span>
      duration<span class="token operator">=</span><span class="token punctuation">{</span><span class="token number">350</span><span class="token punctuation">}</span>
    <span class="token operator">&gt;</span>
      <span class="token punctuation">{</span>children<span class="token punctuation">}</span>
    <span class="token operator">&lt;</span><span class="token operator">/</span>animate<span class="token punctuation">.</span><span class="token property-access">div</span><span class="token operator">&gt;</span>
  <span class="token punctuation">)</span>
<span class="token punctuation">}</span>
</code></pre>
<p>Animaginary is our new web animation library that redefines what you thought was possible on the web. Hand-written in optimized WASM, Animaginary can even animate the <code>height</code> property of an element at 60fps.</p>
<h2>Sermone fata</h2>
<p>Lorem markdownum, bracchia in redibam! Terque unda puppi nec, linguae posterior
in utraque respicere candidus Mimasque formae; quae conantem cervice. Parcite
variatus, redolentia adeunt. Tyrioque dies, naufraga sua adit partibus celanda
torquere temptata, erit maneat et ramos, <a href="#">iam</a> ait dominari
potitus! Tibi litora matremque fumantia condi radicibus opusque.</p>
<p>Deus feram verumque, fecit, ira tamen, terras per alienae victum. Mutantur
levitate quas ubi arcum ripas oculos abest. Adest <a href="#">commissaque
victae</a> in gemitus nectareis ire diva
dotibus ora, et findi huic invenit; fatis? Fractaque dare superinposita
nimiumque simulatoremque sanguine, at voce aestibus diu! Quid veterum hausit tu
nil utinam paternos ima, commentaque.</p>
<pre class="language-c"><code class="language-c">exbibyte_wins <span class="token operator">=</span> <span class="token function">gigahertz</span><span class="token punctuation">(</span><span class="token number">3</span><span class="token punctuation">)</span><span class="token punctuation">;</span>
grayscaleUtilityClient <span class="token operator">=</span> control_uat<span class="token punctuation">;</span>
pcmciaHibernate <span class="token operator">=</span> <span class="token function">oop_virus_console</span><span class="token punctuation">(</span>text_mountain<span class="token punctuation">)</span><span class="token punctuation">;</span>
<span class="token keyword">if</span> <span class="token punctuation">(</span>stateWaisFirewire <span class="token operator">&gt;=</span> <span class="token operator">-</span><span class="token number">2</span><span class="token punctuation">)</span> <span class="token punctuation">{</span>
    jfs <span class="token operator">=</span> <span class="token number">647065</span> <span class="token operator">/</span> <span class="token function">ldapVrml</span><span class="token punctuation">(</span>tutorialRestore<span class="token punctuation">,</span> <span class="token number">85</span><span class="token punctuation">)</span><span class="token punctuation">;</span>
    metal_runtime_parse <span class="token operator">=</span> roomComputingResolution <span class="token operator">-</span> toolbarUpload <span class="token operator">+</span>
            ipx_nvram_open<span class="token punctuation">;</span>
<span class="token punctuation">}</span> <span class="token keyword">else</span> <span class="token punctuation">{</span>
    maximizeSidebar <span class="token operator">*=</span> <span class="token function">suffix_url</span><span class="token punctuation">(</span>flatbed <span class="token operator">+</span> <span class="token number">2</span><span class="token punctuation">,</span> requirements_encoding_node <span class="token operator">+</span>
            only_qbe_media<span class="token punctuation">,</span> minicomputer<span class="token punctuation">)</span><span class="token punctuation">;</span>
<span class="token punctuation">}</span>
</code></pre>
<p>Aere repetiti cognataque natus. Habebat vela solutis saepe munus nondum adhuc
oscula nomina pignora corpus deserat.</p>
<h2>Lethaei Pindumve me quae dinumerat Pavor</h2>
<p>Idem se saxa fata pollentibus geminos; quos pedibus. Est urnis Herses omnes nec
divite: et ille illa furit sim verbis Cyllenius.</p>
<ol>
<li>Captus inpleverunt collo</li>
<li>Nec nam placebant</li>
<li>Siquos vulgus</li>
<li>Dictis carissime fugae</li>
<li>A tacitos nulla viginti</li>
</ol>
<p>Ungues fistula annoso, ille addit linoque motatque uberior verso
<a href="#">rubuerunt</a> confine desuetaque. <em>Sanguine</em> anteit
emerguntque expugnacior est pennas iniqui ecce <strong>haeret</strong> genus: peiora imagine
fossas Cephisos formosa! Refugitque amata <a href="#">refelli</a>
supplex. Summa brevis vetuere tenebas, hostes vetantis, suppressit, arreptum
regna. Postquam conpescit iuvenis habet corpus, et erratica, perdere, tot mota
ars talis.</p>
<pre class="language-c"><code class="language-c">digital<span class="token punctuation">.</span>webcam_dual_frequency <span class="token operator">=</span> webmasterMms<span class="token punctuation">;</span>
<span class="token keyword">if</span> <span class="token punctuation">(</span><span class="token number">5</span> <span class="token operator">+</span> language_standalone_google<span class="token punctuation">)</span> <span class="token punctuation">{</span>
    cc_inbox_layout <span class="token operator">*=</span> file_character<span class="token punctuation">;</span>
    task <span class="token operator">+=</span> p<span class="token punctuation">;</span>
    lockUnicode <span class="token operator">+=</span> <span class="token function">enterprise_monochrome</span><span class="token punctuation">(</span>tokenFunctionPersonal<span class="token punctuation">,</span> keyVirtual<span class="token punctuation">,</span>
            adf<span class="token punctuation">)</span><span class="token punctuation">;</span>
<span class="token punctuation">}</span>
<span class="token function">windows_binary_esports</span><span class="token punctuation">(</span><span class="token number">87734</span><span class="token punctuation">,</span> <span class="token function">array</span><span class="token punctuation">(</span>restoreRomTopology<span class="token punctuation">,</span> <span class="token function">adRaw</span><span class="token punctuation">(</span><span class="token number">407314</span><span class="token punctuation">)</span><span class="token punctuation">,</span>
        dongleBashThumbnail<span class="token punctuation">)</span><span class="token punctuation">,</span> interpreter<span class="token punctuation">)</span><span class="token punctuation">;</span>
</code></pre>
<p>Sit volat naturam; motu Cancri. Erat pro simul quae valuit quoque timorem quam
proelia: illo patrio <em>esse summus</em>, enim sua serpentibus, Hyleusque. Est coniuge
recuso; refert Coroniden ignotos manat, adfectu.</p>]]></content:encoded>
            <author>vjordan.cs@gmail.com (Victoria Jordan)</author>
        </item>
        <item>
            <title><![CDATA[Rewriting the cosmOS kernel in Rust]]></title>
            <link>undefined/articles/rewriting-the-cosmos-kernel-in-rust</link>
            <guid>undefined/articles/rewriting-the-cosmos-kernel-in-rust</guid>
            <pubDate>Thu, 14 Jul 2022 00:00:00 GMT</pubDate>
            <description><![CDATA[When we released the first version of cosmOS last year, it was written in Go. Go is a wonderful programming language, but it’s been a while since I’ve seen an article on the front page of Hacker News about rewriting some important tool in Go and I see articles on there about rewriting things in Rust every single week.]]></description>
            <content:encoded><![CDATA[<p>When we released the first version of cosmOS last year, it was written in Go. Go is a wonderful programming language with a lot of benefits, but it’s been a while since I’ve seen an article on the front page of Hacker News about rewriting some important tool in Go and I see articles on there about rewriting things in Rust every single week.</p>
<pre class="language-rust"><code class="language-rust"><span class="token keyword">use</span> <span class="token namespace">ferris_says<span class="token punctuation">::</span></span>say<span class="token punctuation">;</span>
<span class="token keyword">use</span> <span class="token namespace">std<span class="token punctuation">::</span>io<span class="token punctuation">::</span></span><span class="token punctuation">{</span>stdout<span class="token punctuation">,</span> <span class="token class-name">BufWriter</span><span class="token punctuation">}</span><span class="token punctuation">;</span>

<span class="token keyword">fn</span> <span class="token function-definition function">main</span><span class="token punctuation">(</span><span class="token punctuation">)</span> <span class="token punctuation">{</span>
    <span class="token keyword">let</span> stdout <span class="token operator">=</span> <span class="token function">stdout</span><span class="token punctuation">(</span><span class="token punctuation">)</span><span class="token punctuation">;</span>
    <span class="token keyword">let</span> message <span class="token operator">=</span> <span class="token class-name">String</span><span class="token punctuation">::</span><span class="token function">from</span><span class="token punctuation">(</span><span class="token string">&quot;Hello fellow hackers&quot;</span><span class="token punctuation">)</span><span class="token punctuation">;</span>
    <span class="token keyword">let</span> width <span class="token operator">=</span> message<span class="token punctuation">.</span><span class="token function">chars</span><span class="token punctuation">(</span><span class="token punctuation">)</span><span class="token punctuation">.</span><span class="token function">count</span><span class="token punctuation">(</span><span class="token punctuation">)</span><span class="token punctuation">;</span>

    <span class="token keyword">let</span> <span class="token keyword">mut</span> writer <span class="token operator">=</span> <span class="token class-name">BufWriter</span><span class="token punctuation">::</span><span class="token function">new</span><span class="token punctuation">(</span>stdout<span class="token punctuation">.</span><span class="token function">lock</span><span class="token punctuation">(</span><span class="token punctuation">)</span><span class="token punctuation">)</span><span class="token punctuation">;</span>
    <span class="token function">say</span><span class="token punctuation">(</span>message<span class="token punctuation">.</span><span class="token function">as_bytes</span><span class="token punctuation">(</span><span class="token punctuation">)</span><span class="token punctuation">,</span> width<span class="token punctuation">,</span> <span class="token operator">&amp;</span><span class="token keyword">mut</span> writer<span class="token punctuation">)</span><span class="token punctuation">.</span><span class="token function">unwrap</span><span class="token punctuation">(</span><span class="token punctuation">)</span><span class="token punctuation">;</span>
<span class="token punctuation">}</span>
</code></pre>
<p>I derive a large amount of my self-worth from whether or not Hacker News is impressed with the work I&#x27;m doing, so when I realized this, I cancelled all of our existing projects and started migrating everything to Rust immediately.</p>
<h2>Sermone fata</h2>
<p>Lorem markdownum, bracchia in redibam! Terque unda puppi nec, linguae posterior
in utraque respicere candidus Mimasque formae; quae conantem cervice. Parcite
variatus, redolentia adeunt. Tyrioque dies, naufraga sua adit partibus celanda
torquere temptata, erit maneat et ramos, <a href="#">iam</a> ait dominari
potitus! Tibi litora matremque fumantia condi radicibus opusque.</p>
<p>Deus feram verumque, fecit, ira tamen, terras per alienae victum. Mutantur
levitate quas ubi arcum ripas oculos abest. Adest <a href="#">commissaque
victae</a> in gemitus nectareis ire diva
dotibus ora, et findi huic invenit; fatis? Fractaque dare superinposita
nimiumque simulatoremque sanguine, at voce aestibus diu! Quid veterum hausit tu
nil utinam paternos ima, commentaque.</p>
<pre class="language-c"><code class="language-c">exbibyte_wins <span class="token operator">=</span> <span class="token function">gigahertz</span><span class="token punctuation">(</span><span class="token number">3</span><span class="token punctuation">)</span><span class="token punctuation">;</span>
grayscaleUtilityClient <span class="token operator">=</span> control_uat<span class="token punctuation">;</span>
pcmciaHibernate <span class="token operator">=</span> <span class="token function">oop_virus_console</span><span class="token punctuation">(</span>text_mountain<span class="token punctuation">)</span><span class="token punctuation">;</span>
<span class="token keyword">if</span> <span class="token punctuation">(</span>stateWaisFirewire <span class="token operator">&gt;=</span> <span class="token operator">-</span><span class="token number">2</span><span class="token punctuation">)</span> <span class="token punctuation">{</span>
    jfs <span class="token operator">=</span> <span class="token number">647065</span> <span class="token operator">/</span> <span class="token function">ldapVrml</span><span class="token punctuation">(</span>tutorialRestore<span class="token punctuation">,</span> <span class="token number">85</span><span class="token punctuation">)</span><span class="token punctuation">;</span>
    metal_runtime_parse <span class="token operator">=</span> roomComputingResolution <span class="token operator">-</span> toolbarUpload <span class="token operator">+</span>
            ipx_nvram_open<span class="token punctuation">;</span>
<span class="token punctuation">}</span> <span class="token keyword">else</span> <span class="token punctuation">{</span>
    maximizeSidebar <span class="token operator">*=</span> <span class="token function">suffix_url</span><span class="token punctuation">(</span>flatbed <span class="token operator">+</span> <span class="token number">2</span><span class="token punctuation">,</span> requirements_encoding_node <span class="token operator">+</span>
            only_qbe_media<span class="token punctuation">,</span> minicomputer<span class="token punctuation">)</span><span class="token punctuation">;</span>
<span class="token punctuation">}</span>
</code></pre>
<p>Aere repetiti cognataque natus. Habebat vela solutis saepe munus nondum adhuc
oscula nomina pignora corpus deserat.</p>
<h2>Lethaei Pindumve me quae dinumerat Pavor</h2>
<p>Idem se saxa fata pollentibus geminos; quos pedibus. Est urnis Herses omnes nec
divite: et ille illa furit sim verbis Cyllenius.</p>
<ol>
<li>Captus inpleverunt collo</li>
<li>Nec nam placebant</li>
<li>Siquos vulgus</li>
<li>Dictis carissime fugae</li>
<li>A tacitos nulla viginti</li>
</ol>
<p>Ungues fistula annoso, ille addit linoque motatque uberior verso
<a href="#">rubuerunt</a> confine desuetaque. <em>Sanguine</em> anteit
emerguntque expugnacior est pennas iniqui ecce <strong>haeret</strong> genus: peiora imagine
fossas Cephisos formosa! Refugitque amata <a href="#">refelli</a>
supplex. Summa brevis vetuere tenebas, hostes vetantis, suppressit, arreptum
regna. Postquam conpescit iuvenis habet corpus, et erratica, perdere, tot mota
ars talis.</p>
<pre class="language-c"><code class="language-c">digital<span class="token punctuation">.</span>webcam_dual_frequency <span class="token operator">=</span> webmasterMms<span class="token punctuation">;</span>
<span class="token keyword">if</span> <span class="token punctuation">(</span><span class="token number">5</span> <span class="token operator">+</span> language_standalone_google<span class="token punctuation">)</span> <span class="token punctuation">{</span>
    cc_inbox_layout <span class="token operator">*=</span> file_character<span class="token punctuation">;</span>
    task <span class="token operator">+=</span> p<span class="token punctuation">;</span>
    lockUnicode <span class="token operator">+=</span> <span class="token function">enterprise_monochrome</span><span class="token punctuation">(</span>tokenFunctionPersonal<span class="token punctuation">,</span> keyVirtual<span class="token punctuation">,</span>
            adf<span class="token punctuation">)</span><span class="token punctuation">;</span>
<span class="token punctuation">}</span>
<span class="token function">windows_binary_esports</span><span class="token punctuation">(</span><span class="token number">87734</span><span class="token punctuation">,</span> <span class="token function">array</span><span class="token punctuation">(</span>restoreRomTopology<span class="token punctuation">,</span> <span class="token function">adRaw</span><span class="token punctuation">(</span><span class="token number">407314</span><span class="token punctuation">)</span><span class="token punctuation">,</span>
        dongleBashThumbnail<span class="token punctuation">)</span><span class="token punctuation">,</span> interpreter<span class="token punctuation">)</span><span class="token punctuation">;</span>
</code></pre>
<p>Sit volat naturam; motu Cancri. Erat pro simul quae valuit quoque timorem quam
proelia: illo patrio <em>esse summus</em>, enim sua serpentibus, Hyleusque. Est coniuge
recuso; refert Coroniden ignotos manat, adfectu.</p>]]></content:encoded>
            <author>vjordan.cs@gmail.com (Victoria Jordan)</author>
        </item>
    </channel>
</rss>